Name,Gender,Age,City,Graduate,Accepted
Kemi Bello,Female,25,Ilorin,Yes,Yes
Ngozi Afolabi,Female,31,Ilorin,Yes,Yes
Peace Afolabi,Female,30,Kano,Yes,No
Ngozi Afolabi,Female,35,Ilorin,Yes,Yes
Mariam Bello,Female,20,Ilorin,Yes,Yes
Kemi Bello,Female,29,Ilorin,Yes,Yes
Chuka Afolabi,Male,36,Ibadan,Yes,No
Yetunde Suleiman,Female,45,Ibadan,Yes,No
Blessing Suleiman,Female,26,Ilorin,Yes,Yes
Ibrahim Afolabi,Male,24,Port Harcourt,No,No
Musa Afolabi,Male,16,Enugu,Yes,No
Funmi Suleiman,Female,20,Ilorin,Yes,Yes
Peace Musa,Female,28,Abuja,No,No
Amina Umar,Female,20,Ilorin,Yes,Yes
Fatima Suleiman,Female,16,Abuja,No,No
Gbenga Okafor,Male,25,Kaduna,Yes,No
Kemi Abdullahi,Female,31,Ilorin,Yes,Yes
Zainab Ojo,Female,43,Lagos,No,No
Ngozi Musa,Female,22,Ilorin,Yes,Yes
Chioma Balogun,Female,34,Ilorin,Yes,Yes
Aisha Musa,Female,35,Ilorin,Yes,Yes
Peace Bello,Female,30,Ilorin,Yes,Yes
Yetunde Adeyemi,Female,31,Ilorin,Yes,Yes
Mariam Ben,Female,21,Ilorin,Yes,Yes
Zainab Okafor,Female,29,Ilorin,Yes,Yes
Funmi Ojo,Female,32,Sokoto,Yes,No
Mariam Suleiman,Female,23,Ilorin,Yes,Yes
Kunle Ben,Male,18,Sokoto,Yes,No
Zainab Balogun,Female,21,Ilorin,Yes,Yes
Segun Umar,Male,39,Sokoto,No,No
Bukola Okafor,Female,29,Ilorin,Yes,Yes
Fatima Nwosu,Female,23,Ilorin,Yes,Yes
Tunde Afolabi,Male,33,Ilorin,Yes,No
Amina Okafor,Female,26,Ilorin,Yes,Yes
Ngozi Umar,Female,28,Ilorin,Yes,Yes
Peace Ojo,Female,29,Ilorin,Yes,Yes
Yetunde Okoro,Female,19,Ilorin,Yes,Yes
Tomi Musa,Female,42,Ibadan,Yes,No
Ibrahim Okoro,Male,29,Enugu,No,No
Ruth Jesu,Female,35,Ilorin,Yes,Yes
Kelvin Garba,Male,35,Lagos,No,No
Joy Afolabi,Female,22,Ilorin,Yes,Yes
Bimpe Okoro,Female,24,Ilorin,Yes,Yes
Musa Dan,Male,34,Kano,Yes,No
Chioma Bello,Female,19,Ilorin,Yes,Yes
Ruth Adeyemi,Female,32,Ilorin,Yes,Yes
Amina Okoro,Female,21,Ilorin,Yes,Yes
Zainab Yusuf,Female,22,Ilorin,Yes,Yes
Peace Jesu,Female,23,Ilorin,Yes,Yes
Gbenga Ben,Male,32,Ibadan,Yes,No
Kelvin Afolabi,Male,18,Kaduna,Yes,No
Chioma Suleiman,Female,32,Ilorin,Yes,Yes
Zainab Eze,Female,21,Ilorin,Yes,Yes
Kemi Okafor,Female,39,Kaduna,Yes,No
Joy Ben,Female,34,Ilorin,Yes,Yes
Amina Suleiman,Female,27,Ilorin,Yes,Yes
Chidi Ade,Male,44,Abuja,No,No
Musa Suleiman,Male,17,Port Harcourt,Yes,No
Zainab Yusuf,Female,32,Ilorin,Yes,Yes
Funmi Suleiman,Female,28,Ilorin,Yes,Yes
Ayo Adeyemi,Male,21,Benin City,Yes,No
Halima Adeyemi,Female,21,Ilorin,Yes,Yes
Funmi Ben,Female,32,Enugu,No,No
Halima Okoro,Female,20,Ilorin,Yes,Yes
Mariam Balogun,Female,20,Ilorin,Yes,Yes
Mariam Balogun,Female,35,Osogbo,Yes,No
Halima Dan,Female,21,Osogbo,Yes,No
Tomi Yusuf,Female,26,Ilorin,Yes,Yes
Bayo Bello,Male,42,Kaduna,Yes,No
Damilola Okafor,Female,34,Ilorin,Yes,Yes
Mariam Suleiman,Female,26,Ilorin,Yes,Yes
Zainab Balogun,Female,23,Kano,No,No
Chioma Dan,Female,29,Enugu,Yes,No
Tomi Adeyemi,Female,21,Ilorin,Yes,Yes
Chuka Afolabi,Male,27,Ibadan,Yes,No
Damilola Jesu,Female,34,Ilorin,Yes,Yes
Mariam Adeyemi,Female,35,Ilorin,Yes,Yes
Peace Okoro,Female,23,Ilorin,Yes,Yes
Blessing Okafor,Female,25,Benin City,No,No
Joy Jesu,Female,28,Ilorin,Yes,Yes
Emeka Yusuf,Male,45,Sokoto,Yes,No
Fatima Eze,Female,22,Lagos,Yes,No
Kelvin Nwosu,Male,28,Lagos,Yes,No
Ayo Musa,Male,23,Ilorin,Yes,No
Tomi Ade,Female,35,Ilorin,Yes,Yes
Ruth Yusuf,Female,26,Ilorin,Yes,Yes
Aisha Ojo,Female,23,Ilorin,Yes,Yes
Nonso Ben,Male,43,Abuja,Yes,No
Funmi Abdullahi,Female,26,Ilorin,Yes,Yes
Ngozi Suleiman,Female,20,Ilorin,Yes,Yes
Danladi Lawal,Male,37,Lagos,No,No
Funmi Garba,Female,22,Lagos,Yes,No
Amina Nwosu,Female,26,Ilorin,Yes,Yes
Bukola Okoro,Female,31,Ilorin,Yes,Yes
Chioma Okoro,Female,35,Ilorin,Yes,Yes
Funmi Jesu,Female,31,Ilorin,Yes,Yes
Bimpe Lawal,Female,21,Ilorin,Yes,Yes
Bayo Yusuf,Male,33,Enugu,Yes,No
Kunle Okafor,Male,24,Ibadan,Yes,No
Funmi Suleiman,Female,25,Ilorin,Yes,Yes
